;;;;;
"Value Set Name";"Past History of Procedure";;;;
"Code System";"SNOMEDCT";;;;
"OID";"2.16.840.1.113762.1.4.1237.27";;;;
"Type";"Intensional";;;;
"Definition Version";"20210902";;;;
"Steward";"Diameter Health";;;;
;;;;;
;;;;;
;;;;;
"Expansion Version";"Latest";;;;
"Expanded Code List";;;;;
"Code";"Description";"Code System";"Code System Version";"Code System OID";"TTY"
"10738891000119107";"History of total hysterectomy without abnormal cervical Papanicolaou smear (situation)";"SNOMEDCT";"2022-09";"2.16.840.1.113883.6.96";"FN"
"107701000119101";"History of partial gastrectomy (situation)";"SNOMEDCT";"2022-09";"2.16.840.1.113883.6.96";"FN"
"1078401000119107";"History of right shoulder arthroplasty (situation)";"SNOMEDCT";"2022-09";"2.16.840.1.113883.6.96";"FN"
"1078411000119105";"History of left shoulder hemiarthroplasty (situation)";"SNOMEDCT";"2022-09";"2.16.840.1.113883.6.96";"FN"
"1078431000119100";"History of left shoulder arthroplasty (situation)";"SNOMEDCT";"2022-09";"2.16.840.1.113883.6.96";"FN"
"1078441000119109";"History of arthroplasty of joint of right elbow (situation)";"SNOMEDCT";"2022-09";"2.16.840.1.113883.6.96";"FN"
"1078451000119106";"History of arthroplasty of joint of left elbow (situation)";"SNOMEDCT";"2022-09";"2.16.840.1.113883.6.96";"FN"
"1078461000119108";"History of arthroplasty of joint of right wrist region (situation)";"SNOMEDCT";"2022-09";"2.16.840.1.113883.6.96";"FN"
"1078471000119102";"History of arthroplasty of joint of left wrist region (situation)";"SNOMEDCT";"2022-09";"2.16.840.1.113883.6.96";"FN"
"1078481000119104";"History of hemiarthroplasty of right hip (situation)";"SNOMEDCT";"2022-09";"2.16.840.1.113883.6.96";"FN"
"1078501000119108";"History of prosthetic arthroplasty of right hip (situation)";"SNOMEDCT";"2022-09";"2.16.840.1.113883.6.96";"FN"
"1078511000119106";"History of partial replacement of joint of right hip with bipolar prosthesis (situation)";"SNOMEDCT";"2022-09";"2.16.840.1.113883.6.96";"FN"
"1078531000119101";"History of hemiarthroplasty of left hip (situation)";"SNOMEDCT";"2022-09";"2.16.840.1.113883.6.96";"FN"
"1078541000119105";"History of total replacement of left hip joint (situation)";"SNOMEDCT";"2022-09";"2.16.840.1.113883.6.96";"FN"
"1078551000119107";"History of prosthetic arthroplasty of left hip (situation)";"SNOMEDCT";"2022-09";"2.16.840.1.113883.6.96";"FN"
"1078561000119109";"History of partial replacement of joint of left hip with bipolar prosthesis (situation)";"SNOMEDCT";"2022-09";"2.16.840.1.113883.6.96";"FN"
"1078581000119100";"History of hemiarthroplasty of bilateral hips (situation)";"SNOMEDCT";"2022-09";"2.16.840.1.113883.6.96";"FN"
"1078591000119102";"History of total replacement of bilateral hip joints (situation)";"SNOMEDCT";"2022-09";"2.16.840.1.113883.6.96";"FN"
"1078601000119109";"History of prosthetic arthroplasty of bilateral hips (situation)";"SNOMEDCT";"2022-09";"2.16.840.1.113883.6.96";"FN"
"1078611000119107";"History of partial replacement of joint of bilateral hips with bipolar prosthesis (situation)";"SNOMEDCT";"2022-09";"2.16.840.1.113883.6.96";"FN"
"1078631000119102";"History of right total knee replacement (situation)";"SNOMEDCT";"2022-09";"2.16.840.1.113883.6.96";"FN"
"1078641000119106";"History of arthroplasty of right knee (situation)";"SNOMEDCT";"2022-09";"2.16.840.1.113883.6.96";"FN"
"1078651000119108";"History of prosthetic unicompartmental arthroplasty of right knee (situation)";"SNOMEDCT";"2022-09";"2.16.840.1.113883.6.96";"FN"
"1078661000119105";"History of left total knee replacement (situation)";"SNOMEDCT";"2022-09";"2.16.840.1.113883.6.96";"FN"
"1078671000119104";"History of arthroplasty of left knee (situation)";"SNOMEDCT";"2022-09";"2.16.840.1.113883.6.96";"FN"
"1078681000119101";"History of prosthetic unicompartmental arthroplasty of left knee (situation)";"SNOMEDCT";"2022-09";"2.16.840.1.113883.6.96";"FN"
"1078691000119103";"History of bilateral total knee replacement (situation)";"SNOMEDCT";"2022-09";"2.16.840.1.113883.6.96";"FN"
"1078701000119103";"History of bilateral knee arthroplasty (situation)";"SNOMEDCT";"2022-09";"2.16.840.1.113883.6.96";"FN"
"1078711000119100";"History of prosthetic unicompartmental arthroplasty of bilateral knees (situation)";"SNOMEDCT";"2022-09";"2.16.840.1.113883.6.96";"FN"
"1078721000119107";"History of arthroplasty of right ankle (situation)";"SNOMEDCT";"2022-09";"2.16.840.1.113883.6.96";"FN"
"1078731000119105";"History of arthroplasty of left ankle (situation)";"SNOMEDCT";"2022-09";"2.16.840.1.113883.6.96";"FN"
"1078741000119101";"History of arthroplasty of finger of right hand (situation)";"SNOMEDCT";"2022-09";"2.16.840.1.113883.6.96";"FN"
"1078751000119104";"History of arthroplasty of finger of left hand (situation)";"SNOMEDCT";"2022-09";"2.16.840.1.113883.6.96";"FN"
"108631000119101";"History of autologous bone marrow transplant (situation)";"SNOMEDCT";"2022-09";"2.16.840.1.113883.6.96";"FN"
"10878431000119105";"History of left salpingo-oophorectomy (situation)";"SNOMEDCT";"2022-09";"2.16.840.1.113883.6.96";"FN"
"10878471000119108";"History of right salpingo-oophorectomy (situation)";"SNOMEDCT";"2022-09";"2.16.840.1.113883.6.96";"FN"
"108941000119102";"History of cervical conization (situation)";"SNOMEDCT";"2022-09";"2.16.840.1.113883.6.96";"FN"
"10977641000119108";"History of removal of gastric banding device (situation)";"SNOMEDCT";"2022-09";"2.16.840.1.113883.6.96";"FN"
"10978131000119107";"History of vaginoplasty (situation)";"SNOMEDCT";"2022-09";"2.16.840.1.113883.6.96";"FN"
"10979621000119105";"History of removal of ventricular shunt (situation)";"SNOMEDCT";"2022-09";"2.16.840.1.113883.6.96";"FN"
"10982491000119105";"History of closure of nephrostomy (situation)";"SNOMEDCT";"2022-09";"2.16.840.1.113883.6.96";"FN"
"10988321000119100";"History of peripheral vascular angioplasty (situation)";"SNOMEDCT";"2022-09";"2.16.840.1.113883.6.96";"FN"
"10988361000119105";"History of correction of portal systemic shunt (situation)";"SNOMEDCT";"2022-09";"2.16.840.1.113883.6.96";"FN"
"1098881000119107";"History of surface total hip arthroplasty (situation)";"SNOMEDCT";"2022-09";"2.16.840.1.113883.6.96";"FN"
"10988841000119101";"History of partial amputation of left hand (situation)";"SNOMEDCT";"2022-09";"2.16.840.1.113883.6.96";"FN"
"10988881000119106";"History of partial amputation of right hand (situation)";"SNOMEDCT";"2022-09";"2.16.840.1.113883.6.96";"FN"
"10989151000119104";"History of lung collapse therapy (situation)";"SNOMEDCT";"2022-09";"2.16.840.1.113883.6.96";"FN"
"10989261000119108";"History of pessary removal (situation)";"SNOMEDCT";"2022-09";"2.16.840.1.113883.6.96";"FN"
"10989301000119100";"History of removal of peripherally inserted central catheter line (situation)";"SNOMEDCT";"2022-09";"2.16.840.1.113883.6.96";"FN"
"1098991000119103";"History of laparoscopic radical prostatectomy using robotic assistance (situation)";"SNOMEDCT";"2022-09";"2.16.840.1.113883.6.96";"FN"
"10996051000119109";"History of removal of implantable cardiac pacemaker (situation)";"SNOMEDCT";"2022-09";"2.16.840.1.113883.6.96";"FN"
"10996231000119107";"History of removal of implantable loop recorder (situation)";"SNOMEDCT";"2022-09";"2.16.840.1.113883.6.96";"FN"
"10996271000119105";"History of removal of implanted intrathecal pump (situation)";"SNOMEDCT";"2022-09";"2.16.840.1.113883.6.96";"FN"
"10996311000119105";"History of removal of implanted neurostimulator (situation)";"SNOMEDCT";"2022-09";"2.16.840.1.113883.6.96";"FN"
"10996491000119105";"History of hemiarthroplasty of right shoulder (situation)";"SNOMEDCT";"2022-09";"2.16.840.1.113883.6.96";"FN"
"10996571000119108";"History of amputation of left foot (situation)";"SNOMEDCT";"2022-09";"2.16.840.1.113883.6.96";"FN"
"10996611000119104";"History of amputation of left great toe (situation)";"SNOMEDCT";"2022-09";"2.16.840.1.113883.6.96";"FN"
"10996651000119103";"History of amputation of left lesser toe (situation)";"SNOMEDCT";"2022-09";"2.16.840.1.113883.6.96";"FN"
"10996691000119108";"History of disarticulation of right knee (situation)";"SNOMEDCT";"2022-09";"2.16.840.1.113883.6.96";"FN"
"10996731000119101";"History of amputation through left ankle joint (situation)";"SNOMEDCT";"2022-09";"2.16.840.1.113883.6.96";"FN"
"10996771000119103";"History of disarticulation of left knee (situation)";"SNOMEDCT";"2022-09";"2.16.840.1.113883.6.96";"FN"
"10996811000119103";"History of amputation of finger of left hand (situation)";"SNOMEDCT";"2022-09";"2.16.840.1.113883.6.96";"FN"
"10996851000119102";"History of amputation of left thumb (situation)";"SNOMEDCT";"2022-09";"2.16.840.1.113883.6.96";"FN"
"10996931000119104";"History of amputation of right thumb (situation)";"SNOMEDCT";"2022-09";"2.16.840.1.113883.6.96";"FN"
"10996971000119101";"History of amputation of right arm through wrist (situation)";"SNOMEDCT";"2022-09";"2.16.840.1.113883.6.96";"FN"
"10997011000119105";"History of left above elbow amputation (situation)";"SNOMEDCT";"2022-09";"2.16.840.1.113883.6.96";"FN"
"10997051000119106";"History of amputation of left upper extremity (situation)";"SNOMEDCT";"2022-09";"2.16.840.1.113883.6.96";"FN"
"10997091000119101";"History of amuptation of left hand (situation)";"SNOMEDCT";"2022-09";"2.16.840.1.113883.6.96";"FN"
"10997171000119101";"History of amputation of left arm through wrist (situation)";"SNOMEDCT";"2022-09";"2.16.840.1.113883.6.96";"FN"
"10997211000119104";"History of left below elbow amputation (situation)";"SNOMEDCT";"2022-09";"2.16.840.1.113883.6.96";"FN"
"10997251000119103";"History of lumbar discectomy (situation)";"SNOMEDCT";"2022-09";"2.16.840.1.113883.6.96";"FN"
"10997291000119108";"History of lumbar laminectomy (situation)";"SNOMEDCT";"2022-09";"2.16.840.1.113883.6.96";"FN"
"10997331000119102";"History of closure of cutaneous vesicostomy (situation)";"SNOMEDCT";"2022-09";"2.16.840.1.113883.6.96";"FN"
"10997371000119104";"History of closure of cystostomy (situation)";"SNOMEDCT";"2022-09";"2.16.840.1.113883.6.96";"FN"
"10997411000119103";"History of closure of enterostomy (situation)";"SNOMEDCT";"2022-09";"2.16.840.1.113883.6.96";"FN"
"10997451000119102";"History of reversal of gastrostomy (situation)";"SNOMEDCT";"2022-09";"2.16.840.1.113883.6.96";"FN"
"10997491000119107";"History of closure of ileostomy (situation)";"SNOMEDCT";"2022-09";"2.16.840.1.113883.6.96";"FN"
"10997571000119105";"History of removal of left breast implant (situation)";"SNOMEDCT";"2022-09";"2.16.840.1.113883.6.96";"FN"
"10997641000119102";"History of right prosthetic knee joint removal due to infection (situation)";"SNOMEDCT";"2022-09";"2.16.840.1.113883.6.96";"FN"
"10997681000119107";"History of right prosthetic shoulder joint removal due to infection (situation)";"SNOMEDCT";"2022-09";"2.16.840.1.113883.6.96";"FN"
"10997731000119103";"History of excision of left nipple (situation)";"SNOMEDCT";"2022-09";"2.16.840.1.113883.6.96";"FN"
"10997771000119100";"History of left prosthetic hip joint removal due to infection (situation)";"SNOMEDCT";"2022-09";"2.16.840.1.113883.6.96";"FN"
"10997811000119100";"History of left prosthetic knee joint removal due to infection (situation)";"SNOMEDCT";"2022-09";"2.16.840.1.113883.6.96";"FN"
"10997851000119104";"History of left prosthetic shoulder joint removal due to infection (situation)";"SNOMEDCT";"2022-09";"2.16.840.1.113883.6.96";"FN"
"10997931000119101";"History of total arthroplasty of left shoulder (situation)";"SNOMEDCT";"2022-09";"2.16.840.1.113883.6.96";"FN"
"10997971000119103";"History of lung lobectomy (situation)";"SNOMEDCT";"2022-09";"2.16.840.1.113883.6.96";"FN"
"10998081000119103";"History of left hip disarticulation (situation)";"SNOMEDCT";"2022-09";"2.16.840.1.113883.6.96";"FN"
"10998411000119102";"History of excision of thoracic intervertebral disc (situation)";"SNOMEDCT";"2022-09";"2.16.840.1.113883.6.96";"FN"
"10998451000119101";"History of operative procedure on accessory sinus (situation)";"SNOMEDCT";"2022-09";"2.16.840.1.113883.6.96";"FN"
"10998491000119106";"History of removal of tympanic ventilation tube from tympanic membrane (situation)";"SNOMEDCT";"2022-09";"2.16.840.1.113883.6.96";"FN"
"10998621000119107";"History of tongue piercing previously removed (situation)";"SNOMEDCT";"2022-09";"2.16.840.1.113883.6.96";"FN"
"10998661000119102";"History of ureteral stent previously removed (situation)";"SNOMEDCT";"2022-09";"2.16.840.1.113883.6.96";"FN"
"11006691000119106";"History of excision of right nipple (situation)";"SNOMEDCT";"2022-09";"2.16.840.1.113883.6.96";"FN"
"11006841000119102";"History of reverse prosthetic total arthroplasty of left shoulder (situation)";"SNOMEDCT";"2022-09";"2.16.840.1.113883.6.96";"FN"
"11006881000119107";"History of reverse prosthetic total arthroplasty of right shoulder (situation)";"SNOMEDCT";"2022-09";"2.16.840.1.113883.6.96";"FN"
"11007001000119105";"History of revision of total arthroplasty of right shoulder (situation)";"SNOMEDCT";"2022-09";"2.16.840.1.113883.6.96";"FN"
"11007131000119102";"History of removal of hemodialysis arteriovenous shunt of left upper limb (situation)";"SNOMEDCT";"2022-09";"2.16.840.1.113883.6.96";"FN"
"11007181000119101";"History of removal of hemodialysis arteriovenous shunt of right upper limb (situation)";"SNOMEDCT";"2022-09";"2.16.840.1.113883.6.96";"FN"
"11007231000119107";"History of removal of biventricular implantable cardiac defibrillator (situation)";"SNOMEDCT";"2022-09";"2.16.840.1.113883.6.96";"FN"
"11007271000119105";"History of removal of biventricular implantable cardiac pacemaker (situation)";"SNOMEDCT";"2022-09";"2.16.840.1.113883.6.96";"FN"
"11007311000119105";"History of removal of cardiac device (situation)";"SNOMEDCT";"2022-09";"2.16.840.1.113883.6.96";"FN"
"11007451000119100";"History of amputation of right lesser toe (situation)";"SNOMEDCT";"2022-09";"2.16.840.1.113883.6.96";"FN"
"11007491000119105";"History of amputation of right great toe (situation)";"SNOMEDCT";"2022-09";"2.16.840.1.113883.6.96";"FN"
"11007531000119105";"History of amputation through right ankle joint (situation)";"SNOMEDCT";"2022-09";"2.16.840.1.113883.6.96";"FN"
"11007571000119108";"History of amputation of right foot (situation)";"SNOMEDCT";"2022-09";"2.16.840.1.113883.6.96";"FN"
"11007751000119107";"History of right hip disarticulation (situation)";"SNOMEDCT";"2022-09";"2.16.840.1.113883.6.96";"FN"
"11007811000119103";"History of amputation of finger of right hand (situation)";"SNOMEDCT";"2022-09";"2.16.840.1.113883.6.96";"FN"
"11007851000119102";"History of right above elbow amputation (situation)";"SNOMEDCT";"2022-09";"2.16.840.1.113883.6.96";"FN"
"11007891000119107";"History of right below elbow amputation (situation)";"SNOMEDCT";"2022-09";"2.16.840.1.113883.6.96";"FN"
"11007931000119104";"History of amputation of right upper extremity (situation)";"SNOMEDCT";"2022-09";"2.16.840.1.113883.6.96";"FN"
"11007971000119101";"History of amputation of right hand (situation)";"SNOMEDCT";"2022-09";"2.16.840.1.113883.6.96";"FN"
"11008131000119101";"History of right prosthetic hip joint removal due to infection (situation)";"SNOMEDCT";"2022-09";"2.16.840.1.113883.6.96";"FN"
"11008221000119108";"History of bilateral removal of breast implants (situation)";"SNOMEDCT";"2022-09";"2.16.840.1.113883.6.96";"FN"
"11008281000119107";"History of cervical discectomy (situation)";"SNOMEDCT";"2022-09";"2.16.840.1.113883.6.96";"FN"
"11008321000119102";"History of cervical laminectomy (situation)";"SNOMEDCT";"2022-09";"2.16.840.1.113883.6.96";"FN"
"11008361000119107";"History of revision of arthroplasty of head of left radius (situation)";"SNOMEDCT";"2022-09";"2.16.840.1.113883.6.96";"FN"
"11008401000119103";"History of revision of arthroplasty of head of right radius (situation)";"SNOMEDCT";"2022-09";"2.16.840.1.113883.6.96";"FN"
"11008601000119101";"History of closure of cecostomy (situation)";"SNOMEDCT";"2022-09";"2.16.840.1.113883.6.96";"FN"
"11008651000119102";"History of closure of appendicovesicostomy (situation)";"SNOMEDCT";"2022-09";"2.16.840.1.113883.6.96";"FN"
"11008731000119100";"History of removal of right breast implant (situation)";"SNOMEDCT";"2022-09";"2.16.840.1.113883.6.96";"FN"
"11008891000119106";"History of removal of cochlear implant (situation)";"SNOMEDCT";"2022-09";"2.16.840.1.113883.6.96";"FN"
"11013011000119100";"History of closure of colostomy (situation)";"SNOMEDCT";"2022-09";"2.16.840.1.113883.6.96";"FN"
"11019311000119101";"History of elective reduction of breast (situation)";"SNOMEDCT";"2022-09";"2.16.840.1.113883.6.96";"FN"
"111981000119100";"History of pancreatectomy (situation)";"SNOMEDCT";"2022-09";"2.16.840.1.113883.6.96";"FN"
"112371000119108";"History of pancreaticoduodenectomy (situation)";"SNOMEDCT";"2022-09";"2.16.840.1.113883.6.96";"FN"
"113621000119107";"History of evisceration of eye proper (situation)";"SNOMEDCT";"2022-09";"2.16.840.1.113883.6.96";"FN"
"1156095009";"History of operation on uterus (situation)";"SNOMEDCT";"2022-09";"2.16.840.1.113883.6.96";"FN"
"1156319005";"History of excision of thymus (situation)";"SNOMEDCT";"2022-09";"2.16.840.1.113883.6.96";"FN"
"1156320004";"History of implantation of penile prosthesis (situation)";"SNOMEDCT";"2022-09";"2.16.840.1.113883.6.96";"FN"
"1156321000";"History of laparoscopic appendectomy (situation)";"SNOMEDCT";"2022-09";"2.16.840.1.113883.6.96";"FN"
"1156325009";"History of repair of inguinal hernia using robotic assistance (situation)";"SNOMEDCT";"2022-09";"2.16.840.1.113883.6.96";"FN"
"1156326005";"History of repair of right inguinal hernia using robotic assistance (situation)";"SNOMEDCT";"2022-09";"2.16.840.1.113883.6.96";"FN"
"1156327001";"History of repair of left inguinal hernia using robotic assistance (situation)";"SNOMEDCT";"2022-09";"2.16.840.1.113883.6.96";"FN"
"1156329003";"History of arthrodesis of talotibial joint and subtalar joint (situation)";"SNOMEDCT";"2022-09";"2.16.840.1.113883.6.96";"FN"
"115861000119100";"History of adenectomy (situation)";"SNOMEDCT";"2022-09";"2.16.840.1.113883.6.96";"FN"
"117781000119107";"History of endometrial ablation (situation)";"SNOMEDCT";"2022-09";"2.16.840.1.113883.6.96";"FN"
"118321000119105";"History of breast biopsy with benign finding (situation)";"SNOMEDCT";"2022-09";"2.16.840.1.113883.6.96";"FN"
"11856761000119101";"History of esophagectomy (situation)";"SNOMEDCT";"2022-09";"2.16.840.1.113883.6.96";"FN"
"119461000119101";"History of repair of aortic arch (situation)";"SNOMEDCT";"2022-09";"2.16.840.1.113883.6.96";"FN"
"119471000119107";"History of repair of aortic root (situation)";"SNOMEDCT";"2022-09";"2.16.840.1.113883.6.96";"FN"
"119481000119105";"History of aortic valve repair (situation)";"SNOMEDCT";"2022-09";"2.16.840.1.113883.6.96";"FN"
"119491000119108";"History of repair of ascending aorta (situation)";"SNOMEDCT";"2022-09";"2.16.840.1.113883.6.96";"FN"
"119511000119103";"History of repair of dissection of proximal thoracic aorta (situation)";"SNOMEDCT";"2022-09";"2.16.840.1.113883.6.96";"FN"
"119521000119105";"History of repair of dissection of distal thoracic aorta (situation)";"SNOMEDCT";"2022-09";"2.16.840.1.113883.6.96";"FN"
"119541000119104";"History of tricuspid valve repair (situation)";"SNOMEDCT";"2022-09";"2.16.840.1.113883.6.96";"FN"
"119731000119104";"History of amputation of left lower limb (situation)";"SNOMEDCT";"2022-09";"2.16.840.1.113883.6.96";"FN"
"119741000119108";"History of amputation of right lower limb (situation)";"SNOMEDCT";"2022-09";"2.16.840.1.113883.6.96";"FN"
"119751000119105";"History of bilateral lower limb amputation (situation)";"SNOMEDCT";"2022-09";"2.16.840.1.113883.6.96";"FN"
"119771000119101";"History of total colectomy (situation)";"SNOMEDCT";"2022-09";"2.16.840.1.113883.6.96";"FN"
"120031000119100";"History of decortication of pericardium (situation)";"SNOMEDCT";"2022-09";"2.16.840.1.113883.6.96";"FN"
"120991000119102";"History of undergoing in utero procedure while a fetus (situation)";"SNOMEDCT";"2022-09";"2.16.840.1.113883.6.96";"FN"
"1211000119105";"History of total knee arthroplasty (situation)";"SNOMEDCT";"2022-09";"2.16.840.1.113883.6.96";"FN"
"1217138002";"History of partial replacement of joint of right shoulder (situation)";"SNOMEDCT";"2022-09";"2.16.840.1.113883.6.96";"FN"
"1217192003";"History of prescribed diet (situation)";"SNOMEDCT";"2022-09";"2.16.840.1.113883.6.96";"FN"
"1217197009";"History of prescribed enteral nutrition feeding (situation)";"SNOMEDCT";"2022-09";"2.16.840.1.113883.6.96";"FN"
"122321000119101";"History of aortic arch replacement (situation)";"SNOMEDCT";"2022-09";"2.16.840.1.113883.6.96";"FN"
"122331000119103";"History of replacement of ascending aorta (situation)";"SNOMEDCT";"2022-09";"2.16.840.1.113883.6.96";"FN"
"122341000119107";"History of aortic root replacement (situation)";"SNOMEDCT";"2022-09";"2.16.840.1.113883.6.96";"FN"
"12275951000119104";"History of opiate therapy (situation)";"SNOMEDCT";"2022-09";"2.16.840.1.113883.6.96";"FN"
"1231000119100";"History of aortic valve replacement (situation)";"SNOMEDCT";"2022-09";"2.16.840.1.113883.6.96";"FN"
"1241000119109";"History of mitral valve replacement (situation)";"SNOMEDCT";"2022-09";"2.16.840.1.113883.6.96";"FN"
"125211000119106";"History of antineoplastic chemotherapy (situation)";"SNOMEDCT";"2022-09";"2.16.840.1.113883.6.96";"FN"
"125411000119107";"History of mechanical aortic valve replacement (situation)";"SNOMEDCT";"2022-09";"2.16.840.1.113883.6.96";"FN"
"126111000119106";"History of operation on cervix in currently pregnant patient (situation)";"SNOMEDCT";"2022-09";"2.16.840.1.113883.6.96";"FN"
"129851000119108";"History of nasal sinus surgery (situation)";"SNOMEDCT";"2022-09";"2.16.840.1.113883.6.96";"FN"
"130041000119106";"History of insertion of iliac stent (situation)";"SNOMEDCT";"2022-09";"2.16.840.1.113883.6.96";"FN"
"130541000119100";"History of placement of stent in coronary artery bypass graft (situation)";"SNOMEDCT";"2022-09";"2.16.840.1.113883.6.96";"FN"
"1331000119107";"History of bilateral breast implants (situation)";"SNOMEDCT";"2022-09";"2.16.840.1.113883.6.96";"FN"
"133581000119103";"History of uterine cervix surgery (situation)";"SNOMEDCT";"2022-09";"2.16.840.1.113883.6.96";"FN"
"134651000119108";"History of estrogen therapy (situation)";"SNOMEDCT";"2022-09";"2.16.840.1.113883.6.96";"FN"
"134661000119105";"History of inhaled steroid therapy (situation)";"SNOMEDCT";"2022-09";"2.16.840.1.113883.6.96";"FN"
"134671000119104";"History of systemic steroid therapy (situation)";"SNOMEDCT";"2022-09";"2.16.840.1.113883.6.96";"FN"
"136071000119101";"History of bilateral prophylactic mastectomy (situation)";"SNOMEDCT";"2022-09";"2.16.840.1.113883.6.96";"FN"
"137461000119101";"History of allotransplantation of meniscus (situation)";"SNOMEDCT";"2022-09";"2.16.840.1.113883.6.96";"FN"
"137671000119105";"History of prophylactic mastectomy of left breast (situation)";"SNOMEDCT";"2022-09";"2.16.840.1.113883.6.96";"FN"
"137681000119108";"History of prophylactic mastectomy of right breast (situation)";"SNOMEDCT";"2022-09";"2.16.840.1.113883.6.96";"FN"
"139301000119100";"History of repair of thoracic aortic aneurysm (situation)";"SNOMEDCT";"2022-09";"2.16.840.1.113883.6.96";"FN"
"139351000119101";"History of palliative care consultation (situation)";"SNOMEDCT";"2022-09";"2.16.840.1.113883.6.96";"FN"
"139941000119104";"History of endovascular stent graft for repair of abdominal aortic aneurysm (situation)";"SNOMEDCT";"2022-09";"2.16.840.1.113883.6.96";"FN"
"140641000119100";"History of repair of patent ductus arteriosus (situation)";"SNOMEDCT";"2022-09";"2.16.840.1.113883.6.96";"FN"
"140681000119105";"History of repair of dissecting thoracic aortic aneurysm (situation)";"SNOMEDCT";"2022-09";"2.16.840.1.113883.6.96";"FN"
"141721000119105";"History of thoracic laminectomy (situation)";"SNOMEDCT";"2022-09";"2.16.840.1.113883.6.96";"FN"
"142541000119102";"History of total pancreatectomy (situation)";"SNOMEDCT";"2022-09";"2.16.840.1.113883.6.96";"FN"
"142551000119100";"History of partial pancreatectomy (situation)";"SNOMEDCT";"2022-09";"2.16.840.1.113883.6.96";"FN"
"143501000119107";"History of radiation therapy to breast area (situation)";"SNOMEDCT";"2022-09";"2.16.840.1.113883.6.96";"FN"
"144691000119104";"History of amputation of left and right leg through tibia and fibula (situation)";"SNOMEDCT";"2022-09";"2.16.840.1.113883.6.96";"FN"
"144701000119104";"History of amputation of left leg through tibia and fibula (situation)";"SNOMEDCT";"2022-09";"2.16.840.1.113883.6.96";"FN"
"144711000119101";"History of amputation of right leg through tibia and fibula (situation)";"SNOMEDCT";"2022-09";"2.16.840.1.113883.6.96";"FN"
"15071000119107";"History of elective breast augmentation (situation)";"SNOMEDCT";"2022-09";"2.16.840.1.113883.6.96";"FN"
"15081000119105";"History of major cardiovascular surgery (situation)";"SNOMEDCT";"2022-09";"2.16.840.1.113883.6.96";"FN"
"15111000119100";"History of thoracic surgery (situation)";"SNOMEDCT";"2022-09";"2.16.840.1.113883.6.96";"FN"
"152621000119105";"History of allotransplantation of bone marrow (situation)";"SNOMEDCT";"2022-09";"2.16.840.1.113883.6.96";"FN"
"153351000119102";"History of peripheral stem cell transplant (situation)";"SNOMEDCT";"2022-09";"2.16.840.1.113883.6.96";"FN"
"15636891000119105";"History of amputation of bilateral feet (situation)";"SNOMEDCT";"2022-09";"2.16.840.1.113883.6.96";"FN"
"15638251000119100";"History of amputation of bilateral lesser toes (situation)";"SNOMEDCT";"2022-09";"2.16.840.1.113883.6.96";"FN"
"15651431000119103";"History of Descemet's membrane endothelial keratoplasty (situation)";"SNOMEDCT";"2022-09";"2.16.840.1.113883.6.96";"FN"
"16087491000119106";"History of amputation of bilateral hands (situation)";"SNOMEDCT";"2022-09";"2.16.840.1.113883.6.96";"FN"
"16087651000119104";"History of partial amputation of bilateral hands (situation)";"SNOMEDCT";"2022-09";"2.16.840.1.113883.6.96";"FN"
"16087691000119109";"History of amputation of bilateral upper limbs (situation)";"SNOMEDCT";"2022-09";"2.16.840.1.113883.6.96";"FN"
"16087771000119104";"History of amputation of finger of bilateral hands (situation)";"SNOMEDCT";"2022-09";"2.16.840.1.113883.6.96";"FN"
"16087811000119104";"History of amputation of bilateral forearms through radius and ulna (situation)";"SNOMEDCT";"2022-09";"2.16.840.1.113883.6.96";"FN"
"16087891000119108";"History of amputation of bilateral great toes (situation)";"SNOMEDCT";"2022-09";"2.16.840.1.113883.6.96";"FN"
"16088011000119108";"History of bilateral wrist arthroplasty (situation)";"SNOMEDCT";"2022-09";"2.16.840.1.113883.6.96";"FN"
"16088051000119109";"History of repair of joint of bilateral ankles (situation)";"SNOMEDCT";"2022-09";"2.16.840.1.113883.6.96";"FN"
"16088131000119102";"History of arthroplasty of joint of bilateral elbows (situation)";"SNOMEDCT";"2022-09";"2.16.840.1.113883.6.96";"FN"
"16088211000119102";"History of arthroplasty of bilateral shoulders (situation)";"SNOMEDCT";"2022-09";"2.16.840.1.113883.6.96";"FN"
"16088251000119101";"History of bilateral reverse prosthetic total shoulder arthroplasty (situation)";"SNOMEDCT";"2022-09";"2.16.840.1.113883.6.96";"FN"
"16088291000119106";"History of partial replacement of joint of bilateral shoulder regions (situation)";"SNOMEDCT";"2022-09";"2.16.840.1.113883.6.96";"FN"
"16088371000119102";"History of total arthroplasty of bilateral shoulders (situation)";"SNOMEDCT";"2022-09";"2.16.840.1.113883.6.96";"FN"
"16088491000119105";"History of reconstruction of left breast (situation)";"SNOMEDCT";"2022-09";"2.16.840.1.113883.6.96";"FN"
"16088531000119105";"History of reconstruction of right breast (situation)";"SNOMEDCT";"2022-09";"2.16.840.1.113883.6.96";"FN"
"16088571000119108";"History of reconstruction of bilateral breasts (situation)";"SNOMEDCT";"2022-09";"2.16.840.1.113883.6.96";"FN"
"16088731000119101";"History of autologous whole blood donation (situation)";"SNOMEDCT";"2022-09";"2.16.840.1.113883.6.96";"FN"
"161558008";"History of vasectomy (situation)";"SNOMEDCT";"2022-09";"2.16.840.1.113883.6.96";"FN"
"161615003";"History of surgery (situation)";"SNOMEDCT";"2022-09";"2.16.840.1.113883.6.96";"FN"
"161616002";"History of major vascular surgery (situation)";"SNOMEDCT";"2022-09";"2.16.840.1.113883.6.96";"FN"
"161617006";"History of major abdominal surgery (situation)";"SNOMEDCT";"2022-09";"2.16.840.1.113883.6.96";"FN"
"161618001";"History of major orthopedic surgery (situation)";"SNOMEDCT";"2022-09";"2.16.840.1.113883.6.96";"FN"
"161619009";"History of spinal surgery (situation)";"SNOMEDCT";"2022-09";"2.16.840.1.113883.6.96";"FN"
"161621004";"History of upper limb amputation (situation)";"SNOMEDCT";"2022-09";"2.16.840.1.113883.6.96";"FN"
"161622006";"History of lower limb amputation (situation)";"SNOMEDCT";"2022-09";"2.16.840.1.113883.6.96";"FN"
"161624007";"History of pneumonectomy (situation)";"SNOMEDCT";"2022-09";"2.16.840.1.113883.6.96";"FN"
"161625008";"History of cardiac surgery (situation)";"SNOMEDCT";"2022-09";"2.16.840.1.113883.6.96";"FN"
"161626009";"History of splenectomy (situation)";"SNOMEDCT";"2022-09";"2.16.840.1.113883.6.96";"FN"
"161627000";"History of orchiectomy (situation)";"SNOMEDCT";"2022-09";"2.16.840.1.113883.6.96";"FN"
"161646004";"History of high risk medication (situation)";"SNOMEDCT";"2022-09";"2.16.840.1.113883.6.96";"FN"
"161647008";"History of anticoagulant therapy (situation)";"SNOMEDCT";"2022-09";"2.16.840.1.113883.6.96";"FN"
"161648003";"History of steroid therapy (situation)";"SNOMEDCT";"2022-09";"2.16.840.1.113883.6.96";"FN"
"161649006";"History of insulin therapy (situation)";"SNOMEDCT";"2022-09";"2.16.840.1.113883.6.96";"FN"
"161650006";"History of anticonvulsant therapy (situation)";"SNOMEDCT";"2022-09";"2.16.840.1.113883.6.96";"FN"
"161651005";"History of immunosuppressive therapy (situation)";"SNOMEDCT";"2022-09";"2.16.840.1.113883.6.96";"FN"
"161652003";"History of hormone replacement (situation)";"SNOMEDCT";"2022-09";"2.16.840.1.113883.6.96";"FN"
"161653008";"History of chemotherapy (situation)";"SNOMEDCT";"2022-09";"2.16.840.1.113883.6.96";"FN"
"161659007";"History of kidney donation (situation)";"SNOMEDCT";"2022-09";"2.16.840.1.113883.6.96";"FN"
"161660002";"History of skin donation (situation)";"SNOMEDCT";"2022-09";"2.16.840.1.113883.6.96";"FN"
"161663000";"History of being a tissue or organ recipient (situation)";"SNOMEDCT";"2022-09";"2.16.840.1.113883.6.96";"FN"
"161664006";"History of blood transfusion (situation)";"SNOMEDCT";"2022-09";"2.16.840.1.113883.6.96";"FN"
"161665007";"History of renal transplant (situation)";"SNOMEDCT";"2022-09";"2.16.840.1.113883.6.96";"FN"
"161666008";"History of heart recipient (situation)";"SNOMEDCT";"2022-09";"2.16.840.1.113883.6.96";"FN"
"161667004";"History of heart valve recipient (situation)";"SNOMEDCT";"2022-09";"2.16.840.1.113883.6.96";"FN"
"161668009";"History of skin recipient (situation)";"SNOMEDCT";"2022-09";"2.16.840.1.113883.6.96";"FN"
"161669001";"History of bone tissue recipient (situation)";"SNOMEDCT";"2022-09";"2.16.840.1.113883.6.96";"FN"
"161670000";"History of cornea recipient (situation)";"SNOMEDCT";"2022-09";"2.16.840.1.113883.6.96";"FN"
"161671001";"History of liver recipient (situation)";"SNOMEDCT";"2022-09";"2.16.840.1.113883.6.96";"FN"
"161672008";"History of being lung transplant recipient (situation)";"SNOMEDCT";"2022-09";"2.16.840.1.113883.6.96";"FN"
"161674009";"History of artificial organ or tissue (situation)";"SNOMEDCT";"2022-09";"2.16.840.1.113883.6.96";"FN"
"161675005";"History of artificial eyeglobe (situation)";"SNOMEDCT";"2022-09";"2.16.840.1.113883.6.96";"FN"
"161676006";"History of artificial eye lens (situation)";"SNOMEDCT";"2022-09";"2.16.840.1.113883.6.96";"FN"
"161677002";"History of artificial heart valve (situation)";"SNOMEDCT";"2022-09";"2.16.840.1.113883.6.96";"FN"
"161678007";"History of artificial blood vessel (situation)";"SNOMEDCT";"2022-09";"2.16.840.1.113883.6.96";"FN"
"161679004";"History of artificial joint (situation)";"SNOMEDCT";"2022-09";"2.16.840.1.113883.6.96";"FN"
"161680001";"History of artificial limb (situation)";"SNOMEDCT";"2022-09";"2.16.840.1.113883.6.96";"FN"
"161681002";"History of artificial heart (situation)";"SNOMEDCT";"2022-09";"2.16.840.1.113883.6.96";"FN"
"161682009";"History of artificial bladder (situation)";"SNOMEDCT";"2022-09";"2.16.840.1.113883.6.96";"FN"
"161685006";"History of tracheostomy (situation)";"SNOMEDCT";"2022-09";"2.16.840.1.113883.6.96";"FN"
"161686007";"History of ileostomy (situation)";"SNOMEDCT";"2022-09";"2.16.840.1.113883.6.96";"FN"
"161687003";"History of colostomy (situation)";"SNOMEDCT";"2022-09";"2.16.840.1.113883.6.96";"FN"
"161689000";"History of gastrostomy (situation)";"SNOMEDCT";"2022-09";"2.16.840.1.113883.6.96";"FN"
"161693006";"History of renal dialysis (situation)";"SNOMEDCT";"2022-09";"2.16.840.1.113883.6.96";"FN"
"161696003";"History of arthrodesis (situation)";"SNOMEDCT";"2022-09";"2.16.840.1.113883.6.96";"FN"
"161697007";"History of arthrodesis of interphalangeal joint of toe (situation)";"SNOMEDCT";"2022-09";"2.16.840.1.113883.6.96";"FN"
"161800001";"History of hysterectomy (situation)";"SNOMEDCT";"2022-09";"2.16.840.1.113883.6.96";"FN"
"161805006";"History of cesarean section (situation)";"SNOMEDCT";"2022-09";"2.16.840.1.113883.6.96";"FN"
"161808008";"History of manual removal of placenta (situation)";"SNOMEDCT";"2022-09";"2.16.840.1.113883.6.96";"FN"
"161813007";"History of previous forceps delivery (situation)";"SNOMEDCT";"2022-09";"2.16.840.1.113883.6.96";"FN"
"16207521000119100";"History of amputation of right midfoot (situation)";"SNOMEDCT";"2022-09";"2.16.840.1.113883.6.96";"FN"
"16207561000119105";"History of amputation of left midfoot (situation)";"SNOMEDCT";"2022-09";"2.16.840.1.113883.6.96";"FN"
"16207601000119105";"History of amputation of right forefoot (situation)";"SNOMEDCT";"2022-09";"2.16.840.1.113883.6.96";"FN"
"16207641000119107";"History of amputation of part of toe of right foot (situation)";"SNOMEDCT";"2022-09";"2.16.840.1.113883.6.96";"FN"
"16207681000119102";"History of amputation of left forefoot (situation)";"SNOMEDCT";"2022-09";"2.16.840.1.113883.6.96";"FN"
"16207721000119108";"History of amputation of part of toe of left foot (situation)";"SNOMEDCT";"2022-09";"2.16.840.1.113883.6.96";"FN"
"16236401000119103";"History of removal of calculus of renal pelvis through percutaneous nephrostomy (situation)";"SNOMEDCT";"2022-09";"2.16.840.1.113883.6.96";"FN"
"16347661000119105";"History of argon laser trabeculoplasty (situation)";"SNOMEDCT";"2022-09";"2.16.840.1.113883.6.96";"FN"
"16347701000119103";"History of selective laser trabeculoplasty (situation)";"SNOMEDCT";"2022-09";"2.16.840.1.113883.6.96";"FN"
"16466241000119109";"History of eyelid surgery (situation)";"SNOMEDCT";"2022-09";"2.16.840.1.113883.6.96";"FN"
"16475351000119103";"History of operative procedure on foot (situation)";"SNOMEDCT";"2022-09";"2.16.840.1.113883.6.96";"FN"
"16715451000119109";"History of superficial keratectomy (situation)";"SNOMEDCT";"2022-09";"2.16.840.1.113883.6.96";"FN"
"16783651000119107";"History of ankle surgery (situation)";"SNOMEDCT";"2022-09";"2.16.840.1.113883.6.96";"FN"
"16862331000119101";"History of thyroid lobectomy (situation)";"SNOMEDCT";"2022-09";"2.16.840.1.113883.6.96";"FN"
"182131000119106";"History of excision of eye (situation)";"SNOMEDCT";"2022-09";"2.16.840.1.113883.6.96";"FN"
"1901000119101";"History of cervical spine fusion (situation)";"SNOMEDCT";"2022-09";"2.16.840.1.113883.6.96";"FN"
"25360001000004105";"History of total correction of transposition of great vessels (situation)";"SNOMEDCT";"2022-09";"2.16.840.1.113883.6.96";"FN"
"2631000119108";"History of bone marrow transplant (situation)";"SNOMEDCT";"2022-09";"2.16.840.1.113883.6.96";"FN"
"267007007";"History of tissue or organ donation (situation)";"SNOMEDCT";"2022-09";"2.16.840.1.113883.6.96";"FN"
"267008002";"History of whole blood donation (situation)";"SNOMEDCT";"2022-09";"2.16.840.1.113883.6.96";"FN"
"267009005";"History of bone or bone marrow donation (situation)";"SNOMEDCT";"2022-09";"2.16.840.1.113883.6.96";"FN"
"267010000";"History of gastrointestinal tract bypass (situation)";"SNOMEDCT";"2022-09";"2.16.840.1.113883.6.96";"FN"
"267020005";"History of tubal ligation (situation)";"SNOMEDCT";"2022-09";"2.16.840.1.113883.6.96";"FN"
"267021009";"History of myomectomy or hysterotomy (situation)";"SNOMEDCT";"2022-09";"2.16.840.1.113883.6.96";"FN"
"271396005";"History of limb amputation (situation)";"SNOMEDCT";"2022-09";"2.16.840.1.113883.6.96";"FN"
"272058002";"History of past delivery (situation)";"SNOMEDCT";"2022-09";"2.16.840.1.113883.6.96";"FN"
"275559009";"History of tissue donation (situation)";"SNOMEDCT";"2022-09";"2.16.840.1.113883.6.96";"FN"
"275560004";"History of organ donation (situation)";"SNOMEDCT";"2022-09";"2.16.840.1.113883.6.96";"FN"
"275561000";"Regular blood donor (situation)";"SNOMEDCT";"2022-09";"2.16.840.1.113883.6.96";"FN"
"275562007";"History of bone donation (situation)";"SNOMEDCT";"2022-09";"2.16.840.1.113883.6.96";"FN"
"275563002";"History of bone marrow donation (situation)";"SNOMEDCT";"2022-09";"2.16.840.1.113883.6.96";"FN"
"275564008";"History of gastrointestinal tract anastomosis (situation)";"SNOMEDCT";"2022-09";"2.16.840.1.113883.6.96";"FN"
"275565009";"History of intestinal by-pass (situation)";"SNOMEDCT";"2022-09";"2.16.840.1.113883.6.96";"FN"
"275566005";"History of gastrointestinal tract by-pass (situation)";"SNOMEDCT";"2022-09";"2.16.840.1.113883.6.96";"FN"
"275568006";"History of normal delivery (situation)";"SNOMEDCT";"2022-09";"2.16.840.1.113883.6.96";"FN"
"275569003";"History of delivery with no details (situation)";"SNOMEDCT";"2022-09";"2.16.840.1.113883.6.96";"FN"
"275572005";"History of female sterilization (situation)";"SNOMEDCT";"2022-09";"2.16.840.1.113883.6.96";"FN"
"275573000";"History of hysterotomy (situation)";"SNOMEDCT";"2022-09";"2.16.840.1.113883.6.96";"FN"
"275574006";"History of myomectomy (situation)";"SNOMEDCT";"2022-09";"2.16.840.1.113883.6.96";"FN"
"28200001000004109";"History of hemodialysis (situation)";"SNOMEDCT";"2022-09";"2.16.840.1.113883.6.96";"FN"
"28281000087109";"History of peritoneal dialysis (situation)";"SNOMEDCT";"2022-09";"2.16.840.1.113883.6.96";"FN"
"285681000119105";"History of arterial switch procedure (situation)";"SNOMEDCT";"2022-09";"2.16.840.1.113883.6.96";"FN"
"285691000119108";"History of brachytherapy (situation)";"SNOMEDCT";"2022-09";"2.16.840.1.113883.6.96";"FN"
"285701000119108";"History of heart valve repair with prosthesis (situation)";"SNOMEDCT";"2022-09";"2.16.840.1.113883.6.96";"FN"
"285711000119106";"History of porcine cardiac valve replacement (situation)";"SNOMEDCT";"2022-09";"2.16.840.1.113883.6.96";"FN"
"285751000119107";"History of unifocalization of pulmonary artery (situation)";"SNOMEDCT";"2022-09";"2.16.840.1.113883.6.96";"FN"
"285761000119109";"History of repair of aortic valve using Ross procedure (situation)";"SNOMEDCT";"2022-09";"2.16.840.1.113883.6.96";"FN"
"286511000119109";"History of amputation of right leg through femur (situation)";"SNOMEDCT";"2022-09";"2.16.840.1.113883.6.96";"FN"
"286521000119102";"History of amputation of left leg through femur (situation)";"SNOMEDCT";"2022-09";"2.16.840.1.113883.6.96";"FN"
"286541000119108";"History of bilateral above knee amputation of lower limbs (situation)";"SNOMEDCT";"2022-09";"2.16.840.1.113883.6.96";"FN"
"29371000119104";"History of removal of entire genital organ (situation)";"SNOMEDCT";"2022-09";"2.16.840.1.113883.6.96";"FN"
"293711000119108";"History of islet cell transplant (situation)";"SNOMEDCT";"2022-09";"2.16.840.1.113883.6.96";"FN"
"30801000119107";"History of surgically corrected congenital heart defect (situation)";"SNOMEDCT";"2022-09";"2.16.840.1.113883.6.96";"FN"
"308069004";"History of right cataract extraction (situation)";"SNOMEDCT";"2022-09";"2.16.840.1.113883.6.96";"FN"
"308070003";"History of left cataract extraction (situation)";"SNOMEDCT";"2022-09";"2.16.840.1.113883.6.96";"FN"
"308071004";"History of peripheral vascular disease procedure (situation)";"SNOMEDCT";"2022-09";"2.16.840.1.113883.6.96";"FN"
"309635005";"History of admission in last year for diabetes foot problem (situation)";"SNOMEDCT";"2022-09";"2.16.840.1.113883.6.96";"FN"
"309636006";"History of hospital admission in last year for hyperglycemic disorder (situation)";"SNOMEDCT";"2022-09";"2.16.840.1.113883.6.96";"FN"
"328191000119106";"History of great vessel repair (situation)";"SNOMEDCT";"2022-09";"2.16.840.1.113883.6.96";"FN"
"329281000119107";"History of sleeve gastrectomy (situation)";"SNOMEDCT";"2022-09";"2.16.840.1.113883.6.96";"FN"
"33711000119109";"History of mechanical heart valve replacement (situation)";"SNOMEDCT";"2022-09";"2.16.840.1.113883.6.96";"FN"
"347861000119105";"History of excision of small intestine (situation)";"SNOMEDCT";"2022-09";"2.16.840.1.113883.6.96";"FN"
"355548531000119104";"History of bioprosthetic transcatheter aortic valve implantation (situation)";"SNOMEDCT";"2022-09";"2.16.840.1.113883.6.96";"FN"
"36601000119109";"History of repair of tetralogy of Fallot (situation)";"SNOMEDCT";"2022-09";"2.16.840.1.113883.6.96";"FN"
"36791000119109";"History of tricuspid valve replacement (situation)";"SNOMEDCT";"2022-09";"2.16.840.1.113883.6.96";"FN"
"369101000119101";"History of total thyroidectomy (situation)";"SNOMEDCT";"2022-09";"2.16.840.1.113883.6.96";"FN"
"369111000119103";"History of parathyroidectomy (situation)";"SNOMEDCT";"2022-09";"2.16.840.1.113883.6.96";"FN"
"38661000119109";"History of eye and/or adnexa surgery (situation)";"SNOMEDCT";"2022-09";"2.16.840.1.113883.6.96";"FN"
"391083006";"History of bilateral oophorectomy (situation)";"SNOMEDCT";"2022-09";"2.16.840.1.113883.6.96";"FN"
"395666005";"History of bilateral cataract extraction (situation)";"SNOMEDCT";"2022-09";"2.16.840.1.113883.6.96";"FN"
"39601000119102";"History of prophylactic oophorectomy (situation)";"SNOMEDCT";"2022-09";"2.16.840.1.113883.6.96";"FN"
"399261000";"History of coronary artery bypass grafting (situation)";"SNOMEDCT";"2022-09";"2.16.840.1.113883.6.96";"FN"
"401244004";"History of prolonged corticosteroid therapy (situation)";"SNOMEDCT";"2022-09";"2.16.840.1.113883.6.96";"FN"
"405741001";"History of percutaneous coronary intervention (situation)";"SNOMEDCT";"2022-09";"2.16.840.1.113883.6.96";"FN"
"412758008";"History of medical termination of pregnancy (situation)";"SNOMEDCT";"2022-09";"2.16.840.1.113883.6.96";"FN"
"425457005";"History of vaccination (situation)";"SNOMEDCT";"2022-09";"2.16.840.1.113883.6.96";"FN"
"426519003";"History of two doses hepatitis B vaccine (situation)";"SNOMEDCT";"2022-09";"2.16.840.1.113883.6.96";"FN"
"426980004";"History of one dose of hepatitis B vaccine (situation)";"SNOMEDCT";"2022-09";"2.16.840.1.113883.6.96";"FN"
"427390007";"History of hepatitis B vaccination (situation)";"SNOMEDCT";"2022-09";"2.16.840.1.113883.6.96";"FN"
"427730008";"History of operative procedure on elbow (situation)";"SNOMEDCT";"2022-09";"2.16.840.1.113883.6.96";"FN"
"427749007";"History of operative procedure on knee (situation)";"SNOMEDCT";"2022-09";"2.16.840.1.113883.6.96";"FN"
"427813004";"History of yttrium-aluminum-garnet laser capsulotomy of lens (situation)";"SNOMEDCT";"2022-09";"2.16.840.1.113883.6.96";"FN"
"427816007";"History of colectomy (situation)";"SNOMEDCT";"2022-09";"2.16.840.1.113883.6.96";"FN"
"427817003";"History of gastrectomy (situation)";"SNOMEDCT";"2022-09";"2.16.840.1.113883.6.96";"FN"
"427818008";"History of right oophorectomy (situation)";"SNOMEDCT";"2022-09";"2.16.840.1.113883.6.96";"FN"
"427851004";"History of bilateral salpingo-oophorectomy (situation)";"SNOMEDCT";"2022-09";"2.16.840.1.113883.6.96";"FN"
"427852006";"History of radial keratotomy (situation)";"SNOMEDCT";"2022-09";"2.16.840.1.113883.6.96";"FN"
"427875004";"History of amputation of leg above ankle (situation)";"SNOMEDCT";"2022-09";"2.16.840.1.113883.6.96";"FN"
"427891001";"History of transfer of tendon (situation)";"SNOMEDCT";"2022-09";"2.16.840.1.113883.6.96";"FN"
"427892008";"History of amputation of lesser toe (situation)";"SNOMEDCT";"2022-09";"2.16.840.1.113883.6.96";"FN"
"427893003";"History of pericardiectomy (situation)";"SNOMEDCT";"2022-09";"2.16.840.1.113883.6.96";"FN"
"427894009";"History of augmentation of breast (situation)";"SNOMEDCT";"2022-09";"2.16.840.1.113883.6.96";"FN"
"427932009";"History of resection of sternum (situation)";"SNOMEDCT";"2022-09";"2.16.840.1.113883.6.96";"FN"
"427934005";"History of hydrocelectomy (situation)";"SNOMEDCT";"2022-09";"2.16.840.1.113883.6.96";"FN"
"427951003";"History of radiofrequency ablation operation for arrhythmia (situation)";"SNOMEDCT";"2022-09";"2.16.840.1.113883.6.96";"FN"
"427959001";"History of prophylactic mastectomy (situation)";"SNOMEDCT";"2022-09";"2.16.840.1.113883.6.96";"FN"
"427964002";"History of tympanostomy (situation)";"SNOMEDCT";"2022-09";"2.16.840.1.113883.6.96";"FN"
"428043001";"History of arthroscopic procedure on shoulder (situation)";"SNOMEDCT";"2022-09";"2.16.840.1.113883.6.96";"FN"
"428069007";"History of arthroscopy of wrist (situation)";"SNOMEDCT";"2022-09";"2.16.840.1.113883.6.96";"FN"
"428071007";"History of repair of coarctation of aorta (situation)";"SNOMEDCT";"2022-09";"2.16.840.1.113883.6.96";"FN"
"428072000";"History of repair of musculotendinous cuff of shoulder (situation)";"SNOMEDCT";"2022-09";"2.16.840.1.113883.6.96";"FN"
"428075003";"History of circumcision (situation)";"SNOMEDCT";"2022-09";"2.16.840.1.113883.6.96";"FN"
"428077006";"History of repair of inguinal hernia (situation)";"SNOMEDCT";"2022-09";"2.16.840.1.113883.6.96";"FN"
"428078001";"History of total hysterectomy (situation)";"SNOMEDCT";"2022-09";"2.16.840.1.113883.6.96";"FN"
"428079009";"History of transurethral prostatectomy (situation)";"SNOMEDCT";"2022-09";"2.16.840.1.113883.6.96";"FN"
"428227003";"History of retropubic prostatectomy (situation)";"SNOMEDCT";"2022-09";"2.16.840.1.113883.6.96";"FN"
"428249009";"History of total lobectomy of lung (situation)";"SNOMEDCT";"2022-09";"2.16.840.1.113883.6.96";"FN"
"428250009";"History of adenoidectomy (situation)";"SNOMEDCT";"2022-09";"2.16.840.1.113883.6.96";"FN"
"428251008";"History of appendectomy (situation)";"SNOMEDCT";"2022-09";"2.16.840.1.113883.6.96";"FN"
"428265005";"History of arthroscopy of elbow (situation)";"SNOMEDCT";"2022-09";"2.16.840.1.113883.6.96";"FN"
"428298000";"History of craniotomy (situation)";"SNOMEDCT";"2022-09";"2.16.840.1.113883.6.96";"FN"
"428305005";"History of partial resection of colon (situation)";"SNOMEDCT";"2022-09";"2.16.840.1.113883.6.96";"FN"
"428307002";"History of laparoscopy (situation)";"SNOMEDCT";"2022-09";"2.16.840.1.113883.6.96";"FN"
"428308007";"History of percutaneous transluminal coronary angioplasty (situation)";"SNOMEDCT";"2022-09";"2.16.840.1.113883.6.96";"FN"
"428310009";"History of operative procedure on lumbosacral spinal structure (situation)";"SNOMEDCT";"2022-09";"2.16.840.1.113883.6.96";"FN"
"428316003";"History of insertion of stent into ureter (situation)";"SNOMEDCT";"2022-09";"2.16.840.1.113883.6.96";"FN"
"428374005";"History of intubation of gastrointestinal tract via jejunostomy (situation)";"SNOMEDCT";"2022-09";"2.16.840.1.113883.6.96";"FN"
"428375006";"History of placement of stent for coronary artery disease (situation)";"SNOMEDCT";"2022-09";"2.16.840.1.113883.6.96";"FN"
"428405009";"History of intersex surgery (situation)";"SNOMEDCT";"2022-09";"2.16.840.1.113883.6.96";"FN"
"428449006";"History of trephination of cranium (situation)";"SNOMEDCT";"2022-09";"2.16.840.1.113883.6.96";"FN"
"428456000";"History of decompression of ulnar nerve (situation)";"SNOMEDCT";"2022-09";"2.16.840.1.113883.6.96";"FN"
"428486007";"History of subtotal thyroidectomy (situation)";"SNOMEDCT";"2022-09";"2.16.840.1.113883.6.96";"FN"
"428529004";"History of bilateral mastectomy (situation)";"SNOMEDCT";"2022-09";"2.16.840.1.113883.6.96";"FN"
"428534000";"History of carotid endarterectomy (situation)";"SNOMEDCT";"2022-09";"2.16.840.1.113883.6.96";"FN"
"428535004";"History of cataract extraction (situation)";"SNOMEDCT";"2022-09";"2.16.840.1.113883.6.96";"FN"
"428536003";"History of laser trabeculoplasty (situation)";"SNOMEDCT";"2022-09";"2.16.840.1.113883.6.96";"FN"
"428540007";"History of mastectomy (situation)";"SNOMEDCT";"2022-09";"2.16.840.1.113883.6.96";"FN"
"428548000";"History of spinal fusion for scoliosis (situation)";"SNOMEDCT";"2022-09";"2.16.840.1.113883.6.96";"FN"
"428582006";"History of operative procedure on lumbar spinal structure (situation)";"SNOMEDCT";"2022-09";"2.16.840.1.113883.6.96";"FN"
"428583001";"History of repair of annulus fibrosus of tricuspid valve (situation)";"SNOMEDCT";"2022-09";"2.16.840.1.113883.6.96";"FN"
"428615006";"History of operative procedure on hip (situation)";"SNOMEDCT";"2022-09";"2.16.840.1.113883.6.96";"FN"
"428642007";"History of radical retropubic prostatectomy (situation)";"SNOMEDCT";"2022-09";"2.16.840.1.113883.6.96";"FN"
"428644008";"History of partial nephrectomy (situation)";"SNOMEDCT";"2022-09";"2.16.840.1.113883.6.96";"FN"
"428653001";"History of placement of gastrostomy tube (situation)";"SNOMEDCT";"2022-09";"2.16.840.1.113883.6.96";"FN"
"428656009";"History of laser assisted in situ keratomileusis (situation)";"SNOMEDCT";"2022-09";"2.16.840.1.113883.6.96";"FN"
"428661006";"History of surgery for cerebral aneurysm (situation)";"SNOMEDCT";"2022-09";"2.16.840.1.113883.6.96";"FN"
"428662004";"History of photodynamic therapy (situation)";"SNOMEDCT";"2022-09";"2.16.840.1.113883.6.96";"FN"
"428664003";"History of placement of stent in circumflex branch of left coronary artery (situation)";"SNOMEDCT";"2022-09";"2.16.840.1.113883.6.96";"FN"
"428667005";"History of reduction of breast (situation)";"SNOMEDCT";"2022-09";"2.16.840.1.113883.6.96";"FN"
"428804004";"History of hysterectomy for benign disease (situation)";"SNOMEDCT";"2022-09";"2.16.840.1.113883.6.96";"FN"
"428810004";"History of operative procedure on shoulder (situation)";"SNOMEDCT";"2022-09";"2.16.840.1.113883.6.96";"FN"
"428834009";"History of amputation of finger (situation)";"SNOMEDCT";"2022-09";"2.16.840.1.113883.6.96";"FN"
"428835005";"History of amputation of hallux (situation)";"SNOMEDCT";"2022-09";"2.16.840.1.113883.6.96";"FN"
"428837002";"History of repair of cleft lip (situation)";"SNOMEDCT";"2022-09";"2.16.840.1.113883.6.96";"FN"
"428838007";"History of transurethral resection of bladder tumor (situation)";"SNOMEDCT";"2022-09";"2.16.840.1.113883.6.96";"FN"
"428846008";"History of radical perineal prostatectomy (situation)";"SNOMEDCT";"2022-09";"2.16.840.1.113883.6.96";"FN"
"428847004";"History of fundoplication (situation)";"SNOMEDCT";"2022-09";"2.16.840.1.113883.6.96";"FN"
"428848009";"History of decompression of median nerve (situation)";"SNOMEDCT";"2022-09";"2.16.840.1.113883.6.96";"FN"
"428882003";"History of cholecystectomy (situation)";"SNOMEDCT";"2022-09";"2.16.840.1.113883.6.96";"FN"
"428888004";"History of scleral buckling (situation)";"SNOMEDCT";"2022-09";"2.16.840.1.113883.6.96";"FN"
"428890003";"History of orchidopexy (situation)";"SNOMEDCT";"2022-09";"2.16.840.1.113883.6.96";"FN"
"428892006";"History of thyroidectomy (situation)";"SNOMEDCT";"2022-09";"2.16.840.1.113883.6.96";"FN"
"428903009";"History of piercing of umbilicus (situation)";"SNOMEDCT";"2022-09";"2.16.840.1.113883.6.96";"FN"
"428912006";"History of placement of stent in anterior descending branch of left coronary artery (situation)";"SNOMEDCT";"2022-09";"2.16.840.1.113883.6.96";"FN"
"428979007";"History of piercing of tongue (situation)";"SNOMEDCT";"2022-09";"2.16.840.1.113883.6.96";"FN"
"429009003";"History of left mastectomy (situation)";"SNOMEDCT";"2022-09";"2.16.840.1.113883.6.96";"FN"
"429074009";"History of cardiovascular surgery (situation)";"SNOMEDCT";"2022-09";"2.16.840.1.113883.6.96";"FN"
"429117009";"History of aortofemoral bypass surgery (situation)";"SNOMEDCT";"2022-09";"2.16.840.1.113883.6.96";"FN"
"429149009";"History of surgical procedure on cervical spine (situation)";"SNOMEDCT";"2022-09";"2.16.840.1.113883.6.96";"FN"
"429154000";"History of insertion of inferior vena caval filter (situation)";"SNOMEDCT";"2022-09";"2.16.840.1.113883.6.96";"FN"
"429155004";"History of operation for impingement syndrome of shoulder region (situation)";"SNOMEDCT";"2022-09";"2.16.840.1.113883.6.96";"FN"
"429164009";"History of excision of lamina of lumbar vertebra for decompression of spinal cord (situation)";"SNOMEDCT";"2022-09";"2.16.840.1.113883.6.96";"FN"
"429203008";"History of three doses of hepatitis B vaccine (situation)";"SNOMEDCT";"2022-09";"2.16.840.1.113883.6.96";"FN"
"429205001";"History of repair of aneurysm of abdominal aorta (situation)";"SNOMEDCT";"2022-09";"2.16.840.1.113883.6.96";"FN"
"429218009";"History of maze procedure for atrial fibrillation (situation)";"SNOMEDCT";"2022-09";"2.16.840.1.113883.6.96";"FN"
"429219001";"History of repair of mitral valve (situation)";"SNOMEDCT";"2022-09";"2.16.840.1.113883.6.96";"FN"
"429242008";"History of right mastectomy (situation)";"SNOMEDCT";"2022-09";"2.16.840.1.113883.6.96";"FN"
"429259003";"History of angioplasty of carotid artery (situation)";"SNOMEDCT";"2022-09";"2.16.840.1.113883.6.96";"FN"
"429277008";"History of laryngectomy (situation)";"SNOMEDCT";"2022-09";"2.16.840.1.113883.6.96";"FN"
"429278003";"History of repair of atrial septal defect (situation)";"SNOMEDCT";"2022-09";"2.16.840.1.113883.6.96";"FN"
"429280009";"History of amputation of foot (situation)";"SNOMEDCT";"2022-09";"2.16.840.1.113883.6.96";"FN"
"429281008";"History of liver excision (situation)";"SNOMEDCT";"2022-09";"2.16.840.1.113883.6.96";"FN"
"429285004";"History of reconstruction of anterior cruciate ligament tear (situation)";"SNOMEDCT";"2022-09";"2.16.840.1.113883.6.96";"FN"
"429290001";"History of radical hysterectomy (situation)";"SNOMEDCT";"2022-09";"2.16.840.1.113883.6.96";"FN"
"429333003";"History of left oophorectomy (situation)";"SNOMEDCT";"2022-09";"2.16.840.1.113883.6.96";"FN"
"429363007";"History of extracorporeal shockwave lithotripsy (situation)";"SNOMEDCT";"2022-09";"2.16.840.1.113883.6.96";"FN"
"429364001";"History of spinal fusion for kyphosis (situation)";"SNOMEDCT";"2022-09";"2.16.840.1.113883.6.96";"FN"
"429367008";"History of arterial bypass of lower limb artery (situation)";"SNOMEDCT";"2022-09";"2.16.840.1.113883.6.96";"FN"
"429371006";"History of release of entrapment of peripheral nerve (situation)";"SNOMEDCT";"2022-09";"2.16.840.1.113883.6.96";"FN"
"429372004";"History of amputation of leg through tibia and fibula (situation)";"SNOMEDCT";"2022-09";"2.16.840.1.113883.6.96";"FN"
"429474004";"History of piercing of genital structure (situation)";"SNOMEDCT";"2022-09";"2.16.840.1.113883.6.96";"FN"
"429479009";"History of radiation therapy (situation)";"SNOMEDCT";"2022-09";"2.16.840.1.113883.6.96";"FN"
"429495009";"History of incision of pericardium (situation)";"SNOMEDCT";"2022-09";"2.16.840.1.113883.6.96";"FN"
"429498006";"History of repair of umbilical hernia (situation)";"SNOMEDCT";"2022-09";"2.16.840.1.113883.6.96";"FN"
"429508000";"History of ablation of atrioventricular node (situation)";"SNOMEDCT";"2022-09";"2.16.840.1.113883.6.96";"FN"
"429517000";"History of repair of rupture of quadriceps tendon (situation)";"SNOMEDCT";"2022-09";"2.16.840.1.113883.6.96";"FN"
"429521007";"History of osteotomy (situation)";"SNOMEDCT";"2022-09";"2.16.840.1.113883.6.96";"FN"
"429538006";"History of laparoscopic adjustable gastric banding (situation)";"SNOMEDCT";"2022-09";"2.16.840.1.113883.6.96";"FN"
"429654001";"History of repair of tear of retina by laser photocoagulation (situation)";"SNOMEDCT";"2022-09";"2.16.840.1.113883.6.96";"FN"
"429676005";"History of cosmetic plastic surgery (situation)";"SNOMEDCT";"2022-09";"2.16.840.1.113883.6.96";"FN"
"429677001";"History of arthroscopy of knee joint (situation)";"SNOMEDCT";"2022-09";"2.16.840.1.113883.6.96";"FN"
"429680000";"History of operative procedure on thoracic spinal structure (situation)";"SNOMEDCT";"2022-09";"2.16.840.1.113883.6.96";"FN"
"429756009";"History of radiofrequency ablation operation on left atrium for arrhythmia (situation)";"SNOMEDCT";"2022-09";"2.16.840.1.113883.6.96";"FN"
"429763009";"History of total hysterectomy with bilateral salpingo-oophorectomy (situation)";"SNOMEDCT";"2022-09";"2.16.840.1.113883.6.96";"FN"
"429789009";"History of ureteroscopic laser fragmentation of ureteric calculus (situation)";"SNOMEDCT";"2022-09";"2.16.840.1.113883.6.96";"FN"
"431691000124103";"History of repair of aneurysm of abdominal aorta using endovascular stent graft (situation)";"SNOMEDCT";"2022-09";"2.16.840.1.113883.6.96";"FN"
"432101000124108";"History of antiretroviral therapy (situation)";"SNOMEDCT";"2022-09";"2.16.840.1.113883.6.96";"FN"
"434331000124105";"History of eye enucleation (situation)";"SNOMEDCT";"2022-09";"2.16.840.1.113883.6.96";"FN"
"434411000124109";"History of bidirectional superior cavopulmonary anastomosis (situation)";"SNOMEDCT";"2022-09";"2.16.840.1.113883.6.96";"FN"
"435911000124104";"History of peripartum antiretroviral therapy (situation)";"SNOMEDCT";"2022-09";"2.16.840.1.113883.6.96";"FN"
"435921000124107";"History of antiretroviral therapy during labor and delivery (situation)";"SNOMEDCT";"2022-09";"2.16.840.1.113883.6.96";"FN"
"438553004";"History of drug therapy (situation)";"SNOMEDCT";"2022-09";"2.16.840.1.113883.6.96";"FN"
"438759003";"History of tonsillectomy (situation)";"SNOMEDCT";"2022-09";"2.16.840.1.113883.6.96";"FN"
"439456001";"History of surgical procedure on larynx (situation)";"SNOMEDCT";"2022-09";"2.16.840.1.113883.6.96";"FN"
"439626001";"History of surgical procedure on trachea (situation)";"SNOMEDCT";"2022-09";"2.16.840.1.113883.6.96";"FN"
"439631004";"History of statin therapy (situation)";"SNOMEDCT";"2022-09";"2.16.840.1.113883.6.96";"FN"
"439633001";"History of surgical procedure on mouth (situation)";"SNOMEDCT";"2022-09";"2.16.840.1.113883.6.96";"FN"
"440139006";"History of insertion of endotracheal tube (situation)";"SNOMEDCT";"2022-09";"2.16.840.1.113883.6.96";"FN"
"440935004";"History of beta adrenergic receptor blocking agent therapy (situation)";"SNOMEDCT";"2022-09";"2.16.840.1.113883.6.96";"FN"
"440991005";"History of nitrate therapy (situation)";"SNOMEDCT";"2022-09";"2.16.840.1.113883.6.96";"FN"
"441195008";"History of angiotensin converting enzyme inhibitor therapy (situation)";"SNOMEDCT";"2022-09";"2.16.840.1.113883.6.96";"FN"
"441196009";"History of angiotensin II receptor antagonist therapy (situation)";"SNOMEDCT";"2022-09";"2.16.840.1.113883.6.96";"FN"
"441899004";"History of therapy with ototoxic medication (situation)";"SNOMEDCT";"2022-09";"2.16.840.1.113883.6.96";"FN"
"442210006";"History of total excision of stomach (situation)";"SNOMEDCT";"2022-09";"2.16.840.1.113883.6.96";"FN"
"442461003";"History of excision of intestinal structure (situation)";"SNOMEDCT";"2022-09";"2.16.840.1.113883.6.96";"FN"
"442503004";"History of total excision of urinary bladder (situation)";"SNOMEDCT";"2022-09";"2.16.840.1.113883.6.96";"FN"
"449141000124100";"History of total replacement of right hip joint (situation)";"SNOMEDCT";"2022-09";"2.16.840.1.113883.6.96";"FN"
"455531000124102";"History of dental sealant application (situation)";"SNOMEDCT";"2022-09";"2.16.840.1.113883.6.96";"FN"
"457701000124109";"Examination for alleged rape done (situation)";"SNOMEDCT";"2022-09";"2.16.840.1.113883.6.96";"FN"
"457761000124105";"History of root canal procedure (situation)";"SNOMEDCT";"2022-09";"2.16.840.1.113883.6.96";"FN"
"457771000124103";"History of tooth extraction (situation)";"SNOMEDCT";"2022-09";"2.16.840.1.113883.6.96";"FN"
"460951000124100";"History of admission to inpatient psychiatry department (situation)";"SNOMEDCT";"2022-09";"2.16.840.1.113883.6.96";"FN"
"470891000124107";"History of surgical procedure on urinary bladder (situation)";"SNOMEDCT";"2022-09";"2.16.840.1.113883.6.96";"FN"
"473151000";"History of tuberculosis drug therapy (situation)";"SNOMEDCT";"2022-09";"2.16.840.1.113883.6.96";"FN"
"473155009";"History of angioplasty (situation)";"SNOMEDCT";"2022-09";"2.16.840.1.113883.6.96";"FN"
"473158006";"History of live donor partial hepatectomy (situation)";"SNOMEDCT";"2022-09";"2.16.840.1.113883.6.96";"FN"
"473159003";"History of surgical procedure on vein (situation)";"SNOMEDCT";"2022-09";"2.16.840.1.113883.6.96";"FN"
"473162000";"History of harvesting of stem cells for allotransplant (situation)";"SNOMEDCT";"2022-09";"2.16.840.1.113883.6.96";"FN"
"473164004";"History of varicella vaccination (situation)";"SNOMEDCT";"2022-09";"2.16.840.1.113883.6.96";"FN"
"473165003";"History of pneumococcal vaccination (situation)";"SNOMEDCT";"2022-09";"2.16.840.1.113883.6.96";"FN"
"473166002";"History of measles, mumps and rubella vaccination (situation)";"SNOMEDCT";"2022-09";"2.16.840.1.113883.6.96";"FN"
"473168001";"History of yellow fever vaccination (situation)";"SNOMEDCT";"2022-09";"2.16.840.1.113883.6.96";"FN"
"473169009";"History of influenza vaccination (situation)";"SNOMEDCT";"2022-09";"2.16.840.1.113883.6.96";"FN"
"473170005";"History of bacillus Calmette-Guerin vaccination (situation)";"SNOMEDCT";"2022-09";"2.16.840.1.113883.6.96";"FN"
"473171009";"History of vaginal hysterectomy (situation)";"SNOMEDCT";"2022-09";"2.16.840.1.113883.6.96";"FN"
"473173007";"History of abdominal hysterectomy (situation)";"SNOMEDCT";"2022-09";"2.16.840.1.113883.6.96";"FN"
"53261000119103";"History of external beam radiation therapy (situation)";"SNOMEDCT";"2022-09";"2.16.840.1.113883.6.96";"FN"
"53271000119109";"History of cervical epidural steroid injection (situation)";"SNOMEDCT";"2022-09";"2.16.840.1.113883.6.96";"FN"
"53281000119107";"History of lumbar epidural steroid injection (situation)";"SNOMEDCT";"2022-09";"2.16.840.1.113883.6.96";"FN"
"53371000119101";"History of orthopedic surgery (situation)";"SNOMEDCT";"2022-09";"2.16.840.1.113883.6.96";"FN"
"53391000119100";"History of tissue graft aortic valve replacement (situation)";"SNOMEDCT";"2022-09";"2.16.840.1.113883.6.96";"FN"
"551631000124107";"History of tympanomastoidectomy (situation)";"SNOMEDCT";"2022-09";"2.16.840.1.113883.6.96";"FN"
"59141000119107";"History of spinal fusion (situation)";"SNOMEDCT";"2022-09";"2.16.840.1.113883.6.96";"FN"
"59151000119109";"History of hernia repair (situation)";"SNOMEDCT";"2022-09";"2.16.840.1.113883.6.96";"FN"
"59161000119106";"History of sterilization (situation)";"SNOMEDCT";"2022-09";"2.16.840.1.113883.6.96";"FN"
"59211000119103";"History of fusion of thoracic spine (situation)";"SNOMEDCT";"2022-09";"2.16.840.1.113883.6.96";"FN"
"59221000119105";"History of repair of tracheoesophageal fistula (situation)";"SNOMEDCT";"2022-09";"2.16.840.1.113883.6.96";"FN"
"59251000119102";"History of loop electrosurgical excision procedure (situation)";"SNOMEDCT";"2022-09";"2.16.840.1.113883.6.96";"FN"
"59261000119100";"History of cardiac catheterization (situation)";"SNOMEDCT";"2022-09";"2.16.840.1.113883.6.96";"FN"
"59271000119106";"History of lumbar fusion (situation)";"SNOMEDCT";"2022-09";"2.16.840.1.113883.6.96";"FN"
"59301000119108";"History of prostate needle biopsy with negative result (situation)";"SNOMEDCT";"2022-09";"2.16.840.1.113883.6.96";"FN"
"59321000119104";"History of refractive surgery (situation)";"SNOMEDCT";"2022-09";"2.16.840.1.113883.6.96";"FN"
"59351000119107";"History of repair of eyelid (situation)";"SNOMEDCT";"2022-09";"2.16.840.1.113883.6.96";"FN"
"59371000119103";"History of antegrade continence enema procedure (situation)";"SNOMEDCT";"2022-09";"2.16.840.1.113883.6.96";"FN"
"59381000119100";"History of urinary bladder augmentation (situation)";"SNOMEDCT";"2022-09";"2.16.840.1.113883.6.96";"FN"
"59391000119102";"History of heart valve repair (situation)";"SNOMEDCT";"2022-09";"2.16.840.1.113883.6.96";"FN"
"60851000119102";"History of anastomosis of vena cava to pulmonary artery (situation)";"SNOMEDCT";"2022-09";"2.16.840.1.113883.6.96";"FN"
"60861000119100";"History of anastomosis of pulmonary-subclavian artery by Blalock-Taussig operation (situation)";"SNOMEDCT";"2022-09";"2.16.840.1.113883.6.96";"FN"
"60871000119106";"History of repair of hypoplastic left heart by Norwood operation (situation)";"SNOMEDCT";"2022-09";"2.16.840.1.113883.6.96";"FN"
"608846005";"History of amputation of lower limb above knee (situation)";"SNOMEDCT";"2022-09";"2.16.840.1.113883.6.96";"FN"
"608848006";"History of bariatric surgical procedure (situation)";"SNOMEDCT";"2022-09";"2.16.840.1.113883.6.96";"FN"
"608850003";"History of surgical procedure on eye proper using laser (situation)";"SNOMEDCT";"2022-09";"2.16.840.1.113883.6.96";"FN"
"608851004";"History of vitrectomy (situation)";"SNOMEDCT";"2022-09";"2.16.840.1.113883.6.96";"FN"
"60901000119106";"History of Amplatzer repair of atrial septal defect (situation)";"SNOMEDCT";"2022-09";"2.16.840.1.113883.6.96";"FN"
"60911000119109";"History of occlusion of patent ductus arteriosus using embolization coil (situation)";"SNOMEDCT";"2022-09";"2.16.840.1.113883.6.96";"FN"
"61531000119104";"History of nephrectomy (situation)";"SNOMEDCT";"2022-09";"2.16.840.1.113883.6.96";"FN"
"61611000119105";"History of interatrial transposition of venous return operation (situation)";"SNOMEDCT";"2022-09";"2.16.840.1.113883.6.96";"FN"
"61621000119103";"History of atrial inversion using atrial wall (situation)";"SNOMEDCT";"2022-09";"2.16.840.1.113883.6.96";"FN"
"65161000119101";"History of penetrating keratoplasty with implantation of posterior chamber intraocular lens (situation)";"SNOMEDCT";"2022-09";"2.16.840.1.113883.6.96";"FN"
"65171000119107";"History of secondary lens implant (situation)";"SNOMEDCT";"2022-09";"2.16.840.1.113883.6.96";"FN"
"65181000119105";"History of implantation of posterior chamber intraocular lens (situation)";"SNOMEDCT";"2022-09";"2.16.840.1.113883.6.96";"FN"
"65191000119108";"History of exchange of intraocular lens (situation)";"SNOMEDCT";"2022-09";"2.16.840.1.113883.6.96";"FN"
"65201000119106";"History of implantation of anterior chamber intraocular lens (situation)";"SNOMEDCT";"2022-09";"2.16.840.1.113883.6.96";"FN"
"65291000119100";"History of refractive keratoplasty by laser surgery (situation)";"SNOMEDCT";"2022-09";"2.16.840.1.113883.6.96";"FN"
"65321000119108";"History of repair of eye for eyeball rupture (situation)";"SNOMEDCT";"2022-09";"2.16.840.1.113883.6.96";"FN"
"65331000119106";"History of photorefractive keratectomy (situation)";"SNOMEDCT";"2022-09";"2.16.840.1.113883.6.96";"FN"
"65341000119102";"History of conjunctiva fornix reconstruction (situation)";"SNOMEDCT";"2022-09";"2.16.840.1.113883.6.96";"FN"
"65351000119100";"History of transverse keratotomy (situation)";"SNOMEDCT";"2022-09";"2.16.840.1.113883.6.96";"FN"
"65371000119109";"History of dacryocystorhinostomy (situation)";"SNOMEDCT";"2022-09";"2.16.840.1.113883.6.96";"FN"
"65381000119107";"History of repair of retina for retinal detachment (situation)";"SNOMEDCT";"2022-09";"2.16.840.1.113883.6.96";"FN"
"65391000119105";"History of creation of conjunctival hood (situation)";"SNOMEDCT";"2022-09";"2.16.840.1.113883.6.96";"FN"
"65411000119105";"History of excision of pterygium with graft to conjunctiva (situation)";"SNOMEDCT";"2022-09";"2.16.840.1.113883.6.96";"FN"
"65421000119103";"History of excision of pterygium with amniotic membrane graft (situation)";"SNOMEDCT";"2022-09";"2.16.840.1.113883.6.96";"FN"
"65431000119100";"History of blepharorrhaphy (situation)";"SNOMEDCT";"2022-09";"2.16.840.1.113883.6.96";"FN"
"65441000119109";"History of construction of filtration bleb (situation)";"SNOMEDCT";"2022-09";"2.16.840.1.113883.6.96";"FN"
"65451000119106";"History of insertion of drainage tube into anterior chamber of eye (situation)";"SNOMEDCT";"2022-09";"2.16.840.1.113883.6.96";"FN"
"65501000119108";"History of breast reconstruction (situation)";"SNOMEDCT";"2022-09";"2.16.840.1.113883.6.96";"FN"
"672261000119100";"History of repair of aneurysm of thoracoabdominal aorta (situation)";"SNOMEDCT";"2022-09";"2.16.840.1.113883.6.96";"FN"
"67231000119106";"History of extracorporeal membrane oxygenation (situation)";"SNOMEDCT";"2022-09";"2.16.840.1.113883.6.96";"FN"
"674591000119103";"History of revision of left total knee arthroplasty (situation)";"SNOMEDCT";"2022-09";"2.16.840.1.113883.6.96";"FN"
"674601000119105";"History of revision of right total knee arthroplasty (situation)";"SNOMEDCT";"2022-09";"2.16.840.1.113883.6.96";"FN"
"674611000119108";"History of revision of left total hip arthroplasty (situation)";"SNOMEDCT";"2022-09";"2.16.840.1.113883.6.96";"FN"
"674621000119101";"History of revision of right total hip arthroplasty (situation)";"SNOMEDCT";"2022-09";"2.16.840.1.113883.6.96";"FN"
"681321000119102";"History of failed arthroplasty of ankle (situation)";"SNOMEDCT";"2022-09";"2.16.840.1.113883.6.96";"FN"
"681361000119107";"History of repair of congenital cleft palate (situation)";"SNOMEDCT";"2022-09";"2.16.840.1.113883.6.96";"FN"
"690471000119100";"History of fusion of thoracolumbar spine (situation)";"SNOMEDCT";"2022-09";"2.16.840.1.113883.6.96";"FN"
"690501000119106";"History of open prostatectomy (situation)";"SNOMEDCT";"2022-09";"2.16.840.1.113883.6.96";"FN"
"690511000119109";"History of radical prostatectomy (situation)";"SNOMEDCT";"2022-09";"2.16.840.1.113883.6.96";"FN"
"691161000119105";"History of mitral valvuloplasty (situation)";"SNOMEDCT";"2022-09";"2.16.840.1.113883.6.96";"FN"
"691171000119104";"History of pulmonary valvuloplasty (situation)";"SNOMEDCT";"2022-09";"2.16.840.1.113883.6.96";"FN"
"691291000119106";"History of adrenalectomy (situation)";"SNOMEDCT";"2022-09";"2.16.840.1.113883.6.96";"FN"
"69141000119102";"History of prostate seed brachytherapy (situation)";"SNOMEDCT";"2022-09";"2.16.840.1.113883.6.96";"FN"
"69191000119105";"History of excision of pterygium with graft (situation)";"SNOMEDCT";"2022-09";"2.16.840.1.113883.6.96";"FN"
"69221000119104";"History of scleral buckling with vitrectomy (situation)";"SNOMEDCT";"2022-09";"2.16.840.1.113883.6.96";"FN"
"69311000119103";"History of phacoemulsification of cataract with implantation of intraocular lens (situation)";"SNOMEDCT";"2022-09";"2.16.840.1.113883.6.96";"FN"
"69321000119105";"History of simple excision of pterygium (situation)";"SNOMEDCT";"2022-09";"2.16.840.1.113883.6.96";"FN"
"69591000119104";"History of decompression of orbit (situation)";"SNOMEDCT";"2022-09";"2.16.840.1.113883.6.96";"FN"
"6970001000004107";"History of uterine myomectomy (situation)";"SNOMEDCT";"2022-09";"2.16.840.1.113883.6.96";"FN"
"69711000119102";"History of repair of hole of macula lutea (situation)";"SNOMEDCT";"2022-09";"2.16.840.1.113883.6.96";"FN"
"69741000119103";"History of panretinal photocoagulation (situation)";"SNOMEDCT";"2022-09";"2.16.840.1.113883.6.96";"FN"
"69751000119101";"History of radical nephrectomy (situation)";"SNOMEDCT";"2022-09";"2.16.840.1.113883.6.96";"FN"
"697994009";"History of induced termination of pregnancy under unsafe conditions (situation)";"SNOMEDCT";"2022-09";"2.16.840.1.113883.6.96";"FN"
"69831000119100";"History of strabismus surgery (situation)";"SNOMEDCT";"2022-09";"2.16.840.1.113883.6.96";"FN"
"698362007";"History of transplantation of pancreas (situation)";"SNOMEDCT";"2022-09";"2.16.840.1.113883.6.96";"FN"
"698367001";"History of transplantation of intestine (situation)";"SNOMEDCT";"2022-09";"2.16.840.1.113883.6.96";"FN"
"698417007";"History of reimplantation of ureter (situation)";"SNOMEDCT";"2022-09";"2.16.840.1.113883.6.96";"FN"
"698418002";"History of revision of ventriculoperitoneal shunt (situation)";"SNOMEDCT";"2022-09";"2.16.840.1.113883.6.96";"FN"
"698419005";"History of reconstruction of oral cavity (situation)";"SNOMEDCT";"2022-09";"2.16.840.1.113883.6.96";"FN"
"698420004";"History of anastomosis of superior vena cava to pulmonary artery (situation)";"SNOMEDCT";"2022-09";"2.16.840.1.113883.6.96";"FN"
"698421000";"History of anastomosis of pulmonary artery to subclavian artery (situation)";"SNOMEDCT";"2022-09";"2.16.840.1.113883.6.96";"FN"
"698422007";"History of partial amputation of hand (situation)";"SNOMEDCT";"2022-09";"2.16.840.1.113883.6.96";"FN"
"698423002";"History of disarticulation at wrist (situation)";"SNOMEDCT";"2022-09";"2.16.840.1.113883.6.96";"FN"
"698424008";"History of forequarter amputation (situation)";"SNOMEDCT";"2022-09";"2.16.840.1.113883.6.96";"FN"
"698426005";"History of grafting of amniotic membrane to eye (situation)";"SNOMEDCT";"2022-09";"2.16.840.1.113883.6.96";"FN"
"698427001";"History of grafting of corneal patch to eye (situation)";"SNOMEDCT";"2022-09";"2.16.840.1.113883.6.96";"FN"
"698446000";"History of replacement of mitral valve with tissue graft (situation)";"SNOMEDCT";"2022-09";"2.16.840.1.113883.6.96";"FN"
"698447009";"History of implantation of artificial sphincter (situation)";"SNOMEDCT";"2022-09";"2.16.840.1.113883.6.96";"FN"
"698448004";"History of supracervical hysterectomy (situation)";"SNOMEDCT";"2022-09";"2.16.840.1.113883.6.96";"FN"
"698450007";"History of bypass of stomach (situation)";"SNOMEDCT";"2022-09";"2.16.840.1.113883.6.96";"FN"
"698452004";"History of sigmoid colectomy (situation)";"SNOMEDCT";"2022-09";"2.16.840.1.113883.6.96";"FN"
"698453009";"History of repair of hip joint (situation)";"SNOMEDCT";"2022-09";"2.16.840.1.113883.6.96";"FN"
"698454003";"History of blood vessel resection and replacement (situation)";"SNOMEDCT";"2022-09";"2.16.840.1.113883.6.96";"FN"
"698455002";"History of creation of conduit of right atrium and pulmonary artery (situation)";"SNOMEDCT";"2022-09";"2.16.840.1.113883.6.96";"FN"
"698457005";"History of Norwood type operation (situation)";"SNOMEDCT";"2022-09";"2.16.840.1.113883.6.96";"FN"
"698458000";"History of Sano procedure (situation)";"SNOMEDCT";"2022-09";"2.16.840.1.113883.6.96";"FN"
"698545003";"History of mechanical prosthetic mitral valve replacement (situation)";"SNOMEDCT";"2022-09";"2.16.840.1.113883.6.96";"FN"
"698546002";"History of implantation of joint prosthesis into elbow joint (situation)";"SNOMEDCT";"2022-09";"2.16.840.1.113883.6.96";"FN"
"698547006";"History of implantation of joint prosthesis into wrist joint (situation)";"SNOMEDCT";"2022-09";"2.16.840.1.113883.6.96";"FN"
"698548001";"History of replacement of joint of digit of hand (situation)";"SNOMEDCT";"2022-09";"2.16.840.1.113883.6.96";"FN"
"698549009";"History of construction of cutaneous stoma of urinary bladder (situation)";"SNOMEDCT";"2022-09";"2.16.840.1.113883.6.96";"FN"
"698550009";"History of appendicovesicostomy (situation)";"SNOMEDCT";"2022-09";"2.16.840.1.113883.6.96";"FN"
"698551008";"History of construction of external stoma of urinary system (situation)";"SNOMEDCT";"2022-09";"2.16.840.1.113883.6.96";"FN"
"698589003";"History of Damus-Stansel-Kaye operation (situation)";"SNOMEDCT";"2022-09";"2.16.840.1.113883.6.96";"FN"
"698590007";"History of closure of atrial septal defect using septal occluder device (situation)";"SNOMEDCT";"2022-09";"2.16.840.1.113883.6.96";"FN"
"698944006";"History of closure of ventricular septal defect (situation)";"SNOMEDCT";"2022-09";"2.16.840.1.113883.6.96";"FN"
"699008007";"History of fenfluramine therapy (situation)";"SNOMEDCT";"2022-09";"2.16.840.1.113883.6.96";"FN"
"69911000119104";"History of repair of blepharoptosis (situation)";"SNOMEDCT";"2022-09";"2.16.840.1.113883.6.96";"FN"
"699304000";"History of bilateral orchiectomy (situation)";"SNOMEDCT";"2022-09";"2.16.840.1.113883.6.96";"FN"
"70301000119104";"History of repair of ectropion of eyelid (situation)";"SNOMEDCT";"2022-09";"2.16.840.1.113883.6.96";"FN"
"70311000119101";"History of repair of entropion (situation)";"SNOMEDCT";"2022-09";"2.16.840.1.113883.6.96";"FN"
"70321000119108";"History of yttrium-aluminum-garnet laser iridotomy (situation)";"SNOMEDCT";"2022-09";"2.16.840.1.113883.6.96";"FN"
"704450003";"History of ventricular septal defect repair (situation)";"SNOMEDCT";"2022-09";"2.16.840.1.113883.6.96";"FN"
"70661000119105";"History of arthrodesis of ankle (situation)";"SNOMEDCT";"2022-09";"2.16.840.1.113883.6.96";"FN"
"708358003";"Emergency asthma admission since last encounter (situation)";"SNOMEDCT";"2022-09";"2.16.840.1.113883.6.96";"FN"
"708373002";"Emergency asthma patient visit since last encounter (situation)";"SNOMEDCT";"2022-09";"2.16.840.1.113883.6.96";"FN"
"708403000";"Nebulizer treatment since last encounter (situation)";"SNOMEDCT";"2022-09";"2.16.840.1.113883.6.96";"FN"
"708410006";"Home nebulizer used since last encounter (situation)";"SNOMEDCT";"2022-09";"2.16.840.1.113883.6.96";"FN"
"711370000";"Oral steroids used since last encounter (situation)";"SNOMEDCT";"2022-09";"2.16.840.1.113883.6.96";"FN"
"712781003";"History of removal of embolus (situation)";"SNOMEDCT";"2022-09";"2.16.840.1.113883.6.96";"FN"
"713649008";"History of induced termination of pregnancy (situation)";"SNOMEDCT";"2022-09";"2.16.840.1.113883.6.96";"FN"
"715162008";"History of defibulation of vulva (situation)";"SNOMEDCT";"2022-09";"2.16.840.1.113883.6.96";"FN"
"719594003";"History of defibulation of vulva to facilitate delivery (situation)";"SNOMEDCT";"2022-09";"2.16.840.1.113883.6.96";"FN"
"721901009";"History of operation on musculoskeletal system (situation)";"SNOMEDCT";"2022-09";"2.16.840.1.113883.6.96";"FN"
"725367007";"History of repair of dissection of abdominal aorta (situation)";"SNOMEDCT";"2022-09";"2.16.840.1.113883.6.96";"FN"
"725944002";"History of episiotomy (situation)";"SNOMEDCT";"2022-09";"2.16.840.1.113883.6.96";"FN"
"725949007";"History of elective cesarean section (situation)";"SNOMEDCT";"2022-09";"2.16.840.1.113883.6.96";"FN"
"725951006";"History of emergency cesarean section (situation)";"SNOMEDCT";"2022-09";"2.16.840.1.113883.6.96";"FN"
"726624001";"History of previous delivery by vacuum extraction (situation)";"SNOMEDCT";"2022-09";"2.16.840.1.113883.6.96";"FN"
"735199000";"History of diabetes related lower limb amputation (situation)";"SNOMEDCT";"2022-09";"2.16.840.1.113883.6.96";"FN"
"73941000119109";"History of repair of mitral valve with prosthesis (situation)";"SNOMEDCT";"2022-09";"2.16.840.1.113883.6.96";"FN"
"74751000119106";"History of resection of stomach with gastrojejunal anastomosis (situation)";"SNOMEDCT";"2022-09";"2.16.840.1.113883.6.96";"FN"
"76561000119107";"History of cervical discography (situation)";"SNOMEDCT";"2022-09";"2.16.840.1.113883.6.96";"FN"
"76571000119101";"History of selective lumbar nerve block (situation)";"SNOMEDCT";"2022-09";"2.16.840.1.113883.6.96";"FN"
"76651000119106";"History of radical cystectomy (situation)";"SNOMEDCT";"2022-09";"2.16.840.1.113883.6.96";"FN"
"76661000119108";"History of cardioversion (situation)";"SNOMEDCT";"2022-09";"2.16.840.1.113883.6.96";"FN"
"771989007";"History of deep anterior lamellar keratoplasty (situation)";"SNOMEDCT";"2022-09";"2.16.840.1.113883.6.96";"FN"
"771993001";"History of deep lamellar endothelial keratoplasty (situation)";"SNOMEDCT";"2022-09";"2.16.840.1.113883.6.96";"FN"
"77941000119104";"History of radiation therapy to chest (situation)";"SNOMEDCT";"2022-09";"2.16.840.1.113883.6.96";"FN"
"7811000175104";"History of general anesthesia (situation)";"SNOMEDCT";"2022-09";"2.16.840.1.113883.6.96";"FN"
"784266000";"History of heart-lung transplant recipient (situation)";"SNOMEDCT";"2022-09";"2.16.840.1.113883.6.96";"FN"
"786044002";"History of total arthroplasty of right shoulder (situation)";"SNOMEDCT";"2022-09";"2.16.840.1.113883.6.96";"FN"
"78991000119108";"History of larynx replacement (situation)";"SNOMEDCT";"2022-09";"2.16.840.1.113883.6.96";"FN"
"79001000119108";"History of artificial skin graft (situation)";"SNOMEDCT";"2022-09";"2.16.840.1.113883.6.96";"FN"
"82031000119102";"History of Billroth 1 anastomosis (situation)";"SNOMEDCT";"2022-09";"2.16.840.1.113883.6.96";"FN"
"82981000119102";"History of negative mammogram performed within last 12 months (situation)";"SNOMEDCT";"2022-09";"2.16.840.1.113883.6.96";"FN"
"840596001";"History of platelet aggregation inhibitor therapy (situation)";"SNOMEDCT";"2022-09";"2.16.840.1.113883.6.96";"FN"
"841000119107";"History of flexible sigmoidoscopy (situation)";"SNOMEDCT";"2022-09";"2.16.840.1.113883.6.96";"FN"
"851000119109";"History of colonoscopy (situation)";"SNOMEDCT";"2022-09";"2.16.840.1.113883.6.96";"FN"
"86011000119108";"History of penetrating keratoplasty (situation)";"SNOMEDCT";"2022-09";"2.16.840.1.113883.6.96";"FN"
"860646004";"History of postpartum excision of uterus (situation)";"SNOMEDCT";"2022-09";"2.16.840.1.113883.6.96";"FN"
"861000119106";"History of total hip arthroplasty (situation)";"SNOMEDCT";"2022-09";"2.16.840.1.113883.6.96";"FN"
"87331000119102";"History of hair transplant (situation)";"SNOMEDCT";"2022-09";"2.16.840.1.113883.6.96";"FN"
"87341000119106";"History of urinary bladder replacement (situation)";"SNOMEDCT";"2022-09";"2.16.840.1.113883.6.96";"FN"
"87661000119103";"History of reconstruction of pressure ulcer (situation)";"SNOMEDCT";"2022-09";"2.16.840.1.113883.6.96";"FN"
"88581000119107";"History of external beam radiation therapy to thyroid (situation)";"SNOMEDCT";"2022-09";"2.16.840.1.113883.6.96";"FN"
"89181000119105";"History of urinary bladder neck procedure (situation)";"SNOMEDCT";"2022-09";"2.16.840.1.113883.6.96";"FN"
"90221000119106";"History of egg donation (situation)";"SNOMEDCT";"2022-09";"2.16.840.1.113883.6.96";"FN"
"93471000119103";"History of removal of breast implant (situation)";"SNOMEDCT";"2022-09";"2.16.840.1.113883.6.96";"FN"
"94461000119106";"History of pulmonary valve replacement (situation)";"SNOMEDCT";"2022-09";"2.16.840.1.113883.6.96";"FN"
"96251000119100";"History of tissue graft heart valve replacement (situation)";"SNOMEDCT";"2022-09";"2.16.840.1.113883.6.96";"FN"
"96271000119109";"History of mechanical mitral valve replacement (situation)";"SNOMEDCT";"2022-09";"2.16.840.1.113883.6.96";"FN"
"96331000119104";"History of porcine mitral valve replacement (situation)";"SNOMEDCT";"2022-09";"2.16.840.1.113883.6.96";"FN"
"96601000119101";"Aftercare for liver transplant done (situation)";"SNOMEDCT";"2022-09";"2.16.840.1.113883.6.96";"FN"
"97021000119102";"History of porcine aortic valve replacement (situation)";"SNOMEDCT";"2022-09";"2.16.840.1.113883.6.96";"FN"
